Property ID,Grade,Status,First Name,Last Name,Email,Email 2,Phone,Phone 2,Co-Insured First,Co-Insured Last,Co-Insured Email,Co-Insured Phone,Address,City,State,Zip,County,Property Type,Land Use,Bedrooms,Bathrooms,Square Feet,Year Built,Roof Year,Est. Value,Effective Date,Engine,Travelers,Plymouth,Band Low,Band High,Est. Premium,Skip Traced,Skip Traced On,Flood Zone,Owner Occupied
32569394,A,rated,Narayan,Sreejith,,,,,Suma,Sreejith,,,111 Hidden Pond Ct,Englishtown,NJ,07726,Monmouth County,SFR,Residential,5,2,6552,2006,,1719000,2026-10-05,2,review,eligible,,,10314,Yes,Tue Aug 25,X,Yes
251526455,A,rated,Elena,Ashkinazi,,,7187101400,,Svetlana,Ashkinazi,,6463530224,15 Fells Dr,Manalapan,NJ,07726,Monmouth County,CONDO,Residential,3,1,1837,2006,,673000,2026-10-05,2,review,ineligible,,,3365,Yes,Tue Aug 25,X,Yes
336848662,A,rated,Jessica,Cherepski,jgmui@hotmail.com,jmui@hotmail.com,9175664036,9179223745,Alvin,Mui,muialvin@gmail.com,6465302515,39 Augustus Dr,Middletown,NJ,07748,Monmouth County,CONDO,Residential,,,3172,2023,,1034000,2026-10-05,2,eligible,eligible,,,5687,Yes,Mon Aug 24,X,Yes
42414495,A,rated,Asiya,Levitsky,,,3473946769,,Jerry,Levitsky,seaisland02@yahoo.com,9177437708,54 Queens Way,Englishtown,NJ,07726,Monmouth County,CONDO,Residential,3,2,1394,1988,,396000,2026-10-05,2,eligible,eligible,,,2138,Yes,Tue Aug 25,X,Yes
142451870,A,rated,Kuang,Lin,kyranka@yahoo.com,kuang.lin@att.net,9173858263,9172821259,Kuang J,Lin,kuang.lin@worldnet.att.net,7183808299,73 Overlook Way Unit D,Manalapan,NJ,07726,Monmouth County,CONDO,Residential,2,1,1158,1974,,346500,2026-10-05,2,eligible,eligible,,,2079,Yes,Mon Aug 24,X,Yes
189127020,A,rated,Nicholas J,Calabrese,,,,,Joyce,Calabrese,,,113 Sunnymede St,Englishtown,NJ,07726,Monmouth County,CONDO,Residential,1,2,1365,1986,,353000,2026-10-06,2,eligible,eligible,,,1906,Yes,Tue Aug 25,X,Yes
1000438627,A,rated,Anand,Shah,ashah325@gmail.com,kamsm21@nj.rr.com,6099291391,6094772486,Nikhita,Prasanna,dshah@onebox.com,2488679519,15 Waller Dr,Middletown,NJ,07748,Monmouth County,CONDO,Residential,,,,,,1047000,2026-10-06,2,eligible,ineligible,,,5863,Yes,Mon Aug 24,X,No
197075069,A,rated,Thomas,Moss,thomas.moss@worldnet.att.net,thomas.moss@att.net,7325864773,7328903495,Gabrielle,Leng,gerimoss@optonline.net,9082162909,2107 Wagon Wheel Ct,Freehold,NJ,07728,Monmouth County,CONDO,Residential,3,1,1718,1994,,535000,2026-10-06,2,eligible,eligible,,,2889,Yes,Mon Aug 24,X,Yes
142202199,A,rated,Joanne,Seigel,hooked1on@aol.com,joseigel@aol.com,7027559907,9088128921,David,Seigel,joseigel@aol.com,7323233906,51b Piazza Tasso,Freehold,NJ,07728,Monmouth County,CONDO,Residential,2,1,1008,1967,,310000,2026-10-06,2,eligible,eligible,,,1860,Yes,Mon Aug 24,X,Yes
1000438606,A,rated,Elizabeth,Zaravelis,prpl280@aol.com,cheriecolquett@aol.com,7327634853,7322478682,Ari,Zaravelis,,9144627577,64 Edmund Way,Middletown,NJ,07748,Monmouth County,CONDO,Residential,,,,,,1150000,2026-10-06,2,eligible,ineligible,,,6440,Yes,Mon Aug 24,X,No
1000438604,A,rated,Michael,Scotto,mscotto3@si.rr.com,michaels3868@msn.com,5613024766,5612799374,Micheal,Scotto,michaels3868@msn.com,7184941947,68 Edmund Way,Middletown,NJ,07748,Monmouth County,CONDO,Residential,,,,,,1125000,2026-10-06,2,eligible,ineligible,,,6300,Yes,Mon Aug 24,X,No
1000438602,A,rated,Samantha,Solondz,samsolondz@gmail.com,s.solondz33@gmail.com,9087702071,7322084655,Ashley,Tanner,ashiam1@aol.com,7328661860,72 Edmund Way,Middletown,NJ,07748,Monmouth County,CONDO,Residential,,,,,,1048000,2026-10-06,2,eligible,ineligible,,,5869,Yes,Mon Aug 24,X,No
1000438593,A,rated,Trisha,Mcnamara,trisha1216@comcast.net,,6099470263,6097098638,John,Mcnamara,,,83 Augustus Dr,Middletown,NJ,07748,Monmouth County,CONDO,Residential,,,,,,1095000,2026-10-06,2,eligible,ineligible,,,6132,Yes,Thu Aug 20,X,No
26540409,A,rated,Shaimaa,Shafie,shaimaashafie@gmail.com,shaimaa_shafie@yahoo.com,6466560614,,,,,,93 Banyan Blvd,Holmdel,NJ,07733,Monmouth County,CONDO,Residential,3,3,2145,2000,,761000,2026-10-06,2,eligible,eligible,,,4109,Yes,Mon Aug 24,X,Yes
1000438620,A,rated,Rodney,Silva,rod.musclemakergrill@yahoo.com,rodneysilva@gmail.com,7322618500,9549189188,Reynold,Silva,tcavico613@aol.com,7327184515,1 Waller Dr,Middletown,NJ,07748,Monmouth County,CONDO,Residential,,,,,,1005000,2026-10-07,2,eligible,ineligible,,,5628,Yes,Mon Aug 24,X,No
201165959,A,rated,Eleanor,Provenzano,friedrich.dana@gmail.com,ellepro1@optonline.net,7325470755,7327620235,Dana,Friedrich,friedrichdana@gmail.com,7327620235,106 Wood Duck Ct,Freehold,NJ,07728,Monmouth County,CONDO,Residential,3,1,1886,1995,,513000,2026-10-07,2,eligible,ineligible,,,3103,Yes,Mon Aug 24,X,No
335076290,A,rated,Bob,Shoyhet,,,,,Gini,Shoyhet,,6095782894,108 Hedgerow Ln,Manalapan,NJ,07726,Monmouth County,CONDO,Residential,,,2249,2022,,823000,2026-10-07,2,eligible,ineligible,,,4115,Yes,Tue Aug 25,X,Yes
197686734,A,rated,John,Cagney,ladd29@aol.com,cagneyhas@aol.com,2015438043,5514972699,Sheila,Colasurdo,cags26@hotmail.com,6097703614,135 Sunnymede St,Englishtown,NJ,07726,Monmouth County,CONDO,Residential,1,2,1303,1988,,413000,2026-10-07,2,eligible,eligible,,,2230,Yes,Mon Aug 24,X,Yes
148493464,A,rated,Tausif,Kamal,,,7329861418,7329861419,Nusayba,Iftekhar,,7329861420,14 Asbury Ave,Freehold,NJ,07728,Monmouth County,SFR,Residential,3,1,1331,2022,,803000,2026-10-07,2,ineligible,eligible,,,4015,Yes,Tue Aug 25,X,Yes
324341032,A,rated,Qian,Wang,qwang6@yahoo.com,wangqi_auto@163.com,2484622712,7189662329,Lin,Chan,lin.chan@bright.net,3476220829,16 Pate Dr,Middletown,NJ,07748,Monmouth County,CONDO,Residential,3,2,2808,2010,,840000,2026-10-07,2,eligible,ineligible,,,4620,Yes,Mon Aug 24,X,Yes
198279807,A,rated,Joan,Springer Riccio,jojo8260@aol.com,jonnyrob@hotmail.com,7322997952,4252803864,Joan,Springer,,3522371752,184 Cross Slope Ct Unit F,Manalapan,NJ,07726,Monmouth County,CONDO,Residential,2,2,1143,1976,,373000,2026-10-07,2,eligible,eligible,,,2238,Yes,Mon Aug 24,X,Yes
332788867,A,rated,Kenneth Andrew,Rothman,,,,,Christa,Varnadoe,,,1904 Evans Ln,Middletown,NJ,07748,Monmouth County,CONDO,Residential,4,4,2352,2021,,786000,2026-10-07,2,eligible,eligible,,,3930,Yes,Tue Aug 25,X,Yes
3591053,A,rated,Zachery,Ryan,,,7325705906,7327230000,Daniel,Ryan,dryan8196@msn.com,7325804408,33 Hummingbird Ct,Marlboro,NJ,07746,Monmouth County,CONDO,Residential,3,1,1792,1997,,709000,2026-10-07,2,eligible,eligible,,,3829,Yes,Tue Aug 25,X,Yes
42808106,A,rated,Laura,Cangiano,svcangianop60@yahoo.com,jamiecangiano@comcast.net,7815726781,3216268414,Aidan,Cangiano,,9737700588,55 Chestnut Way,Manalapan,NJ,07726,Monmouth County,CONDO,Residential,1,3,1314,1988,,513000,2026-10-07,2,eligible,eligible,,,2770,Yes,Mon Aug 24,X,Yes
42839069,A,rated,Charles,Hulme,,,6094483202,,Isabel,Hulme,,6095156747,562 Applewood Ct,Howell,NJ,07731,Monmouth County,CONDO,Residential,2,2,964,1986,,314000,2026-10-07,2,eligible,eligible,,,1696,Yes,Tue Aug 25,X,Yes
251520882,A,rated,Waqas,Ashraf,,,2158487957,5624959277,Zebunnisa,Saeed,waqas24@yahoo.com,7324246214,58 Demarest Dr,Manalapan,NJ,07726,Monmouth County,CONDO,Residential,3,1,1853,2010,,706000,2026-10-07,2,eligible,eligible,,,3530,Yes,Tue Aug 25,X,Yes
42610241,A,rated,Robert,Wadams,robertwadams@hotmail.com,rcw223@optonline.net,6093564301,6099237698,Amanda,Wadams,amandawadams@yahoo.com,9084486740,6 Bristel Rd,Holmdel,NJ,07733,Monmouth County,CONDO,Residential,3,3,1961,1993,,697000,2026-10-07,2,eligible,eligible,,,3764,Yes,Mon Aug 24,X,Yes
48636300,A,rated,Uday,Parikh,parikh19680@gmail.com,nanaterry29@aol.com,7328907359,7325477766,Simul,Parikh,parikh@msn.com,7326072850,702 Darlington Dr,Old Bridge,NJ,08857,Middlesex County,CONDO,Residential,,,1332,1987,,432000,2026-10-07,2,eligible,review,,,2333,Yes,Fri Aug 21,X,Yes
700087119545,A,rated,Allyssa,Townsend,adevoe-townsend@address.com,adevoe-townsend@aol.com,9177975317,7324896093,James,Townsend,jimjtown1@gmail.com,9177975314,75b William & Mary Square,Freehold,NJ,07728,Monmouth County,CONDO,Townhouse/Condo,2,1,1082,1967,,431400,2026-10-07,2,eligible,eligible,,,2588,Yes,Mon Aug 24,X,Yes
1000438662,A,rated,Rebecca,Handel,,,7325673087,7325222209,Matthew,Kamenitz,handel46@optonline.net,7327802360,8 Waller Dr,Middletown,NJ,07748,Monmouth County,CONDO,Residential,,,,,,892000,2026-10-07,2,eligible,ineligible,,,4995,Yes,Tue Aug 25,X,No
45472294,A,rated,Holly,Bartlett,holly9b@msn.com,holly.bartlett@excite.com,6178774424,6176800521,Emily,Bartlett,emily.bartlett123@gmail.com,6175393489,83 Parkway Dr Unit E,Freehold,NJ,07728,Monmouth County,CONDO,Residential,2,1,1082,1967,,394000,2026-10-07,2,eligible,ineligible,,,2648,Yes,Mon Aug 24,X,No
193771925,A,rated,Rene,Salinas-Garcia,,,,,,,,,9 Inwood Ter,Freehold,NJ,07728,Monmouth County,CONDO,Residential,1,1,840,1982,,314000,2026-10-07,2,eligible,eligible,,,1884,Yes,Tue Aug 25,X,Yes
196047345,A,rated,Lisa,Bisking,,,,,,,,,108 Bonnie Dr,North Middletown,NJ,07748,Monmouth County,CONDO,Residential,3,3,1568,1988,,780000,2026-10-08,2,eligible,eligible,,,4212,Yes,Tue Aug 25,X,Yes
243080721,A,rated,Harley,Esposito,,,2014498794,9089377098,Gustavo,Bontempo,daisy.exposito93@gmail.com,7323165150,129 Magnolia Ln,Middletown,NJ,07748,Monmouth County,SFR,Residential,5,4,3230,2022,2022,1355000,2026-10-08,2,ineligible,eligible,,,7453,Yes,Tue Aug 25,X,Yes
1000438675,A,rated,Amanda,Cruz,amandacruzrea@gmail.com,,7329918543,9099694771,Aleida,Cruz,aleida0304@gmail.com,8627630834,19 Linder Ct,Middletown,NJ,07748,Monmouth County,CONDO,Residential,,,3176,2023,,1013000,2026-10-08,2,eligible,ineligible,,,5572,Yes,Mon Aug 24,X,Yes
201080477,A,rated,Mercedes,Rodriguez,,,,,,,,,30b Plaza De Las Flores Fl Ores,Freehold,NJ,07728,Monmouth County,CONDO,Residential,2,1,1008,1967,,326000,2026-10-08,2,eligible,eligible,,,2191,Yes,Tue Aug 25,X,No
1000438185,A,rated,Henry,Laryea,henry.laryea@gmail.com,h_laryea@yahoo.com,2022509629,6467735175,Benoni,Laryea,manny_laryea@yahoo.com,7033390635,34 Crimson Dr,Manalapan,NJ,07726,Monmouth County,CONDO,Vacant Land,,,,2024,,641000,2026-10-08,2,eligible,ineligible,,,3590,Yes,Mon Aug 24,X,No
143632368,A,rated,Ann,Russo,annie1862@yahoo.com,stan.russo@hotmail.com,2108546688,7329192199,Stanley,Russo,stan.russo@ses.com,7329192199,71 Harbor Cir,Freehold,NJ,07728,Monmouth County,CONDO,Residential,2,1,1190,1985,,422600,2026-10-08,2,eligible,ineligible,,,2536,Yes,Mon Aug 24,X,Yes
42376178,A,rated,Christopher,Chinni,cchinni@yahoo.com,n0cchinni@aol.com,9198687908,7329728649,Stella,Peters,chinman@worldnet.att.net,7329728649,89 Wood Duck Ct,Freehold,NJ,07728,Monmouth County,CONDO,Residential,3,1,1768,1995,,591000,2026-10-08,2,eligible,eligible,,,3191,Yes,Mon Aug 24,X,Yes
15789187,A,rated,Umair,Baig,ub1290@gmail.com,smbaig011@gmail.com,6462860551,9172501443,Nida,Khadbai,,7183496085,11 Linda Ct,South Amboy,NJ,08879,Middlesex County,CONDO,Residential,2,3,1728,2002,,557000,2026-10-09,2,eligible,ineligible,,,3008,Yes,Mon Aug 24,X,Yes
199156449,A,new,,Tadeusz And Teresa Szwaja Trust,,,,,,,,,325 Towne Dr,Manalapan,NJ,07726,Monmouth County,CONDO,Residential,3,3,1604,1990,,516000,2026-10-09,2,eligible,eligible,,,2786,No,,X,Yes
336848659,A,rated,Ramu,Pedada,ramupedada@gmail.com,,7575816994,,Neeraja,Mamidi,,6033185493,3303 Expedition St,Marlboro,NJ,07746,Monmouth County,CONDO,Residential,,,2800,2023,,894000,2026-10-09,2,eligible,eligible,,,4917,Yes,Mon Aug 24,X,Yes
201620523,A,new,,Irene M Trakas Irrevocable Grantor Trust,,,,,,,,,35 Zacatin Rd Unit D,Freehold,NJ,07728,Monmouth County,CONDO,Residential,2,1,1144,1967,,364300,2026-10-09,2,eligible,eligible,,,2186,No,,X,Yes
145236707,A,rated,Ravi,Gogineni,gogineniravi@yahoo.com,rgogineni@yahoo.com,9082462699,9088923761,Sarah,Moyes,,,4 Veronica Ct,Manalapan,NJ,07726,Monmouth County,SFR,Residential,5,1,3508,2011,2011,1283000,2026-10-09,2,eligible,eligible,,,7057,Yes,Tue Aug 18,X,Yes
205772570,A,rated,Jessica,Mascali,jessicalmascali@gmail.com,,7327731842,7326007350,Mario,Mascali,mjm0212@gmail.com,7324587456,6 Claridge Ct Unit 4,Freehold,NJ,07728,Monmouth County,CONDO,Residential,2,2,1099,1987,,383000,2026-10-09,2,eligible,eligible,,,2068,Yes,Mon Aug 24,X,Yes
700087725072,A,referral,Rachelle,Aaronson,,,,,,,,,1-1 Whistler Dr,Freehold,NJ,07728,Monmouth County,CONDO,Townhouse/Condo,3,2,1680,1989,,453000,2026-10-10,2,review,ineligible,,,2740,No,,X,No
198279805,A,rated,Oleksandr,Ryzhakov,,,,,,,,,116 Amberly Dr Unit G,Manalapan,NJ,07726,Monmouth County,CONDO,Residential,1,1,864,1974,,224000,2026-10-10,2,eligible,eligible,,,1344,Yes,Tue Aug 25,X,Yes
700088823844,A,rated,Rachelle,Aaronson,,,,,Chad,Aaronson,,,19-2 Remington Dr,Freehold,NJ,07728,Monmouth County,CONDO,Townhouse/Condo,3,2,1471,1989,,455700,2026-10-10,2,eligible,ineligible,,,2756,Yes,Tue Aug 25,X,No
700159152304,A,rated,John,Sanseverino,jsanseverino86@gmail.com,likeevery3trustno3@gmail.com,9177411905,9176984991,August,Sanseverino,augie376496@gmail.com,7185781098,1915 Switzer Ave,Parlin,NJ,08859,Middlesex County,CONDO,Condominium,3,3,,2023,,594000,2026-10-10,2,eligible,eligible,,,2970,Yes,Mon Aug 24,X,Yes
193912927,A,rated,Frenda,Salva,,,,,Nicole,Salva,,,20 Oxford Ky,Colts Neck,NJ,07722,Monmouth County,CONDO,Residential,3,3,2114,1993,,824000,2026-10-10,2,eligible,eligible,,,4450,Yes,Tue Aug 25,X,Yes
202477326,A,rated,Antonyraj,Seethanaman,,,,,Priyanga,Chandrasekar,,,33 Chimney Ct,South Amboy,NJ,08879,Middlesex County,CONDO,Residential,3,3,1750,2002,,561000,2026-10-10,2,eligible,eligible,,,3029,Yes,Tue Aug 25,X,Yes
147312105,A,rated,Kathryn,Macauley,kathydbrandtm@gmail.com,kathybrandt@att.net,7323973299,7328046048,Molly,Macauley,flbeachpatroler@gmail.com,9088396467,4 Patricia Ct,Howell,NJ,07731,Monmouth County,CONDO,Residential,2,1,1144,1987,,484000,2026-10-10,2,eligible,eligible,,,2614,Yes,Mon Aug 24,X,Yes
7397421,A,rated,Daniel,Duffy,dduffy56@hotmail.com,,5165037735,3044173249,Dannamarie,Duffy,,6315952465,1 Colonial Sq,Middletown,NJ,07748,Monmouth County,CONDO,Residential,3,3,2128,1987,,728000,2026-10-11,2,eligible,eligible,,,3931,Yes,Mon Aug 24,X,Yes
193216320,A,rated,Patricia,Bellafiore,pbellafiore@icloud.com,pbella0120@aol.com,9175366405,9172004595,Aexis,Bellasiore,liljunebabii97@aol.com,9175366405,122 Amberly Dr Unit F,Manalapan,NJ,07726,Monmouth County,CONDO,Residential,2,1,1130,1976,,278000,2026-10-11,2,eligible,eligible,,,1668,Yes,Mon Aug 24,X,Yes
152806215,A,rated,Angela,Matera,angelamatera@aol.com,,7328668513,7327923206,Angela,Matera,angelamatera@aol.com,2035583691,24 Deepwater Cir # A,Manalapan,NJ,07726,Monmouth County,CONDO,Residential,2,1,838,2006,,188000,2026-10-11,2,eligible,eligible,,,940,Yes,Mon Aug 24,X,Yes
1000438761,A,rated,Jill,Brown,jillciner@aol.com,jillianmbrown@yahoo.com,6462693433,6462693533,Matthew,Dismuke,dbrown117@live.com,3478615985,25 Augustus Dr,Middletown,NJ,07748,Monmouth County,CONDO,Residential,,,2949,2024,,1005000,2026-10-11,2,eligible,ineligible,,,5528,Yes,Mon Aug 24,X,Yes
335075957,A,rated,Glenn,Ferriere,ramsup34@aol.com,glennferriere@gmail.com,9178657507,9177547593,Maryann,Ferriere,ooqtbabeoo@aol.com,7183566836,28 Magnolia Dr,Freehold,NJ,07728,Monmouth County,SFR,Residential,2,2,1848,2023,2023,751000,2026-10-11,2,eligible,eligible,,,3755,Yes,Mon Aug 24,X,Yes
336848660,A,rated,Laxman,Pedada,,,6033185493,,Swetha,Reddy,ramupedada@gmail.com,7575816994,3304 Expedition St,Marlboro,NJ,07746,Monmouth County,CONDO,Residential,,,2800,2023,,891000,2026-10-11,2,eligible,eligible,,,4901,Yes,Tue Aug 25,X,Yes
20167003,A,rated,Mary,Tempteton,,,,,Frank,Templeton,,,5 Straton Ct,Parlin,NJ,08859,Middlesex County,CONDO,Residential,3,3,,1997,,588000,2026-10-11,2,eligible,ineligible,,,3556,Yes,Tue Aug 25,X,No
141580255,A,rated,Ciro,Niglio,dumbo822@gmail.com,jamesniglio@gmail.com,7326758675,9086920119,Geraldine,Niglio,shaw9586@att.net,9177630947,59 Squankum Rd,Tinton Falls,NJ,07724,Monmouth County,SFR,Residential,4,1,3209,2009,,815000,2026-10-11,2,ineligible,review,,,4483,Yes,Mon Aug 24,X,Yes
42869898,A,rated,Laura,Weinberg,,,,,,,,,702 Saint Andrews Pl,Manalapan,NJ,07726,Monmouth County,CONDO,Residential,2,1,1592,2000,,496000,2026-10-11,2,eligible,ineligible,,,2678,Yes,Tue Aug 25,X,Yes
187204646,A,rated,Jing Lan,Lee,,,,,,,,,82 Amberly Dr Unit D,Manalapan,NJ,07726,Monmouth County,CONDO,Residential,2,1,1130,1974,,274000,2026-10-11,2,eligible,eligible,,,1644,Yes,Tue Aug 25,X,Yes
199959112,A,rated,Yefim,Shvarts,tanya2778@aol.com,,7185412473,9174391704,Tatyana,Shvarts,tanya2778@aol.com,7185412472,86 Arrowood Rd Unit F,Manalapan,NJ,07726,Monmouth County,CONDO,Residential,2,2,1116,1980,,380000,2026-10-11,2,eligible,eligible,,,2280,Yes,Mon Aug 24,X,Yes